{"text": " Beep.", "segments": [{"id": 0, "seek": 0, "start": 0.0, "end": 0.5, "text": " Beep.", "tokens": [50365, 879, 595, 13, 50390], "temperature": 0.0, "avg_logprob": -0.9773236115773519, "compression_ratio": 0.38461538461538464, "no_speech_prob": 0.9182748794555664}], "language": "en"}